Workbook

Sheet Valutazioni
A1: HackerInside Registro Scolastico | I1: Media Generale | K1: =AVERAGE(B5:M54) -> #DIV/0!
B3: Materie | P3: Materia | Q3: Media
B4: Diritto | C4: Italiano | D4: Inglese | E4: Matematica | F4: Scienze | G4: Chimica | H4: Fisica | I4: Storia | J4: Motoria | K4: Tecnologia | L4: Informatica | M4: Religione | P4: Diritto | Q4: =AVERAGE(B5:B54) -> #DIV/0!
A5: 1 | P5: Inglese | Q5: =AVERAGE(D5:D54) -> #DIV/0!
A6: 2 | P6: Italiano | Q6: =AVERAGE(C5:C54) -> #DIV/0!
A7: 3 | P7: Matematica | Q7: =AVERAGE(E5:E54) -> #DIV/0!
A8: 4 | P8: Scienze | Q8: =AVERAGE(F5:F54) -> #DIV/0!
A9: 5 | P9: Chimica | Q9: =AVERAGE(G5:G54) -> #DIV/0!
A10: 6 | P10: Fisica | Q10: =AVERAGE(H5:H54) -> #DIV/0!
A11: 7 | P11: Storia | Q11: =AVERAGE(I5:I54) -> #DIV/0!
A12: 8 | P12: Motoria | Q12: =AVERAGE(J5:J54) -> #DIV/0!
A13: 9 | P13: Tecnologia | Q13: =AVERAGE(K5:K54) -> #DIV/0!
A14: 10 | P14: Informatica | Q14: =AVERAGE(L5:L54) -> #DIV/0!
A15: 11 | P15: Religione | Q15: =AVERAGE(M5:M54) -> #DIV/0!
A16: 12 | P16: Media Generale | Q16: =AVERAGE(Q4:Q15) -> #DIV/0!
A17: 13
A18: 14
A19: 15
A20: 16
A21: 17
A22: 18
A23: 19
A24: 20
A25: 21
A26: 22
A27: 23
A28: 24
... A54: 50

Sheet Medie
B4: Diritto | C4: =AVERAGE(Valutazioni!B5:B54) -> #DIV/0!
B5: Inglese | C5: =AVERAGE(Valutazioni!D5:D54) -> #DIV/0!
B6: Italiano | C6: =AVERAGE(Valutazioni!C5:C54) -> #DIV/0!
B7: Matematica | C7: =AVERAGE(Valutazioni!E5:E54) -> #DIV/0!
B8: Scienze | C8: =AVERAGE(Valutazioni!F5:F54) -> #DIV/0!
B9: Chimica | C9: =AVERAGE(Valutazioni!G5:G54) -> #DIV/0!
B10: Fisica | C10: =AVERAGE(Valutazioni!H5:H54) -> #DIV/0!
B11: Storia | C11: =AVERAGE(Valutazioni!I5:I54) -> #DIV/0!
B12: Motoria | C12: =AVERAGE(Valutazioni!J5:J54) -> #DIV/0!
B13: Tecnologia | C13: =AVERAGE(Valutazioni!K5:K94) -> #DIV/0!
B14: Informatica | C14: =AVERAGE(Valutazioni!L5:L54) -> #DIV/0!
B15: Religione | C15: =AVERAGE(Valutazioni!M5:M54) -> #DIV/0!
B16: Media Generale | C16: =AVERAGE(C4:C15) -> #DIV/0!
